Bundesland / Messnetz;Stationscode;Stationsname;Stationsumgebung;Art der Station;Jahresmittelwert in µg/m³;Zahl der Stundenmittelwerte über 200 µg/m³*
Sachsen-Anhalt;DEST039;Brocken;ländlich abgelegen;Hintergrund;2,1;0
Thüringen;DETH027;Neuhaus;ländlich abgelegen;Hintergrund;3,6;0
Thüringen;DETH042;Possen;ländlich abgelegen;Hintergrund;3,8;0
Thüringen;DETH061;Hummelshain;ländlich abgelegen;Hintergrund;3,3;0
UBA;DEUB044;Zugspitze Schneefernerhaus;ländlich abgelegen;Hintergrund;0,58;0
UBA;DEUB046;Forellenbach;ländlich abgelegen;Hintergrund;3,4;0
Sachsen;DESN130;Liebschützberg;ländlich abgelegen;Hintergrund;5,5;0
Bremen;DEHB013;Bremen-Hasenbüren;ländlich regional;Industrie;10;0
Brandenburg;DEBB053;Hasenholz (Buckow);ländlich regional;Hintergrund;4,7;0
Brandenburg;DEBB065;Lütte (Belzig);ländlich regional;Hintergrund;3,9;0
Brandenburg;DEBB066;Spreewald;ländlich regional;Hintergrund;4,8;0
Baden-Württemberg;DEBW031;Schwarzwald-Süd;ländlich regional;Hintergrund;2,7;0
Baden-Württemberg;DEBW087;Schwäbische Alb;ländlich regional;Hintergrund;4,1;0
Bayern;DEBY013;Mehring/Sportplatz;ländlich regional;Hintergrund;11;0
Bayern;DEBY049;Neustadt a.d. Donau/Eining;ländlich regional;Hintergrund;6,9;0
Bayern;DEBY072;Tiefenbach/Altenschneeberg;ländlich regional;Hintergrund;4,9;0
Bayern;DEBY109;Andechs/Rothenfeld;ländlich regional;Hintergrund;4,7;0
Bayern;DEBY122;Bad Hindelang/Unterjoch;ländlich regional;Hintergrund;6,1;0
Bayern;DEBY124;Burgbernheim/Grüne Au;ländlich regional;Hintergrund;7,1;0
Hessen;DEHE026;Spessart;ländlich regional;Hintergrund;3,9;0
Hessen;DEHE060;Kellerwald;ländlich regional;Hintergrund;3,5;0
Nordrhein-Westfalen;DENW064;Simmerath (Eifel);ländlich regional;Hintergrund;4,8;0
Nordrhein-Westfalen;DENW065;Netphen Rothaargebirge;ländlich regional;Hintergrund;3,9;0
Saarland;DESL019;Biringen;ländlich regional;Hintergrund;5,1;0
Schleswig-Holstein;DESH008;Bornhöved;ländlich regional;Hintergrund;5,2;0
Schleswig-Holstein;DESH056;Eggebek;ländlich regional;Hintergrund;6,6;0
Sachsen;DESN052;Zinnwald;ländlich regional;Hintergrund;4,5;0
Sachsen;DESN074;Schwartenberg;ländlich regional;Hintergrund;4,7;0
Sachsen;DESN079;Niesky;ländlich regional;Hintergrund;4,9;0
Sachsen;DESN093;Brockau;ländlich regional;Hintergrund;5,5;0
Sachsen-Anhalt;DEST089;Zartau/Waldstation;ländlich regional;Hintergrund;3,8;0
Sachsen-Anhalt;DEST098;Unterharz / Friedrichsbrunn;ländlich regional;Hintergrund;2,8;0
Thüringen;DETH026;Dreißigacker;ländlich regional;Hintergrund;4,9;0
UBA;DEUB004;Schauinsland;ländlich regional;Hintergrund;1,5;0
UBA;DEUB030;Neuglobsow;ländlich regional;Hintergrund;2;0
Bayern;DEBY121;Oberaudorf/Inntal-Autobahn;ländlich stadtnah;Verkehr;21;0
Nordrhein-Westfalen;DENW182;Elsdorf-Berrendorf;ländlich stadtnah;Industrie;8,7;0
Nordrhein-Westfalen;DENW337;Jüchen-Hochneukirch;ländlich stadtnah;Industrie;12;0
Berlin;DEBE027;Berlin Marienfelde;ländlich stadtnah;Hintergrund;8,3;0
Berlin;DEBE032;Berlin Grunewald (3.5 m);ländlich stadtnah;Hintergrund;7,6;0
Berlin;DEBE056;Berlin Friedrichshagen;ländlich stadtnah;Hintergrund;7,5;0
Berlin;DEBE062;Berlin Frohnau (3.5 m);ländlich stadtnah;Hintergrund;6,7;0
Baden-Württemberg;DEBW004;Eggenstein;ländlich stadtnah;Hintergrund;14;0
Bayern;DEBY196;Garmisch-Partenkirchen/Wasserwerk;ländlich stadtnah;Hintergrund;8,4;0
Hessen;DEHE043;Riedstadt;ländlich stadtnah;Hintergrund;10;0
Nordrhein-Westfalen;DENW066;Nettetal-Kaldenkirchen;ländlich stadtnah;Hintergrund;13;0
Nordrhein-Westfalen;DENW068;Soest-Ost;ländlich stadtnah;Hintergrund;7;0
Nordrhein-Westfalen;DENW081;Borken-Gemen;ländlich stadtnah;Hintergrund;9,5;0
Sachsen;DESN051;Radebeul-Wahnsdorf;ländlich stadtnah;Hintergrund;7,7;0
Nordrhein-Westfalen;DENW405;Wesel-Obrighoven;ländlich stadtnah;Hintergrund;9,7;0
Niedersachsen;DENI070;Salzgitter-Drütte;ländliches Gebiet;Industrie;9,9;0
Nordrhein-Westfalen;DENW329;Jackerath;ländliches Gebiet;Industrie;9,3;0
Hessen;DEHE024;Witzenhausen/Wald;ländliches Gebiet;Hintergrund;3,8;0
Hessen;DEHE028;Fürth/Odenwald;ländliches Gebiet;Hintergrund;4,6;0
Hessen;DEHE039;Burg Herzberg;ländliches Gebiet;Hintergrund;4,2;0
Hessen;DEHE042;Linden;ländliches Gebiet;Hintergrund;10;0
Hessen;DEHE046;Bad Arolsen;ländliches Gebiet;Hintergrund;4,6;0
Hessen;DEHE050;Zierenberg;ländliches Gebiet;Hintergrund;4,6;0
Hessen;DEHE051;Wasserkuppe;ländliches Gebiet;Hintergrund;2,9;0
Hessen;DEHE052;Kleiner Feldberg;ländliches Gebiet;Hintergrund;3,9;0
Mecklenburg-Vorpommern;DEMV004;Gülzow;ländliches Gebiet;Hintergrund;4,1;0
Mecklenburg-Vorpommern;DEMV012;Löcknitz;ländliches Gebiet;Hintergrund;4,2;0
Mecklenburg-Vorpommern;DEMV017;Göhlen;ländliches Gebiet;Hintergrund;4,6;0
Mecklenburg-Vorpommern;DEMV024;Leizen;ländliches Gebiet;Hintergrund;4,3;0
Mecklenburg-Vorpommern;DEMV026;Garz;ländliches Gebiet;Hintergrund;4,2;0
Niedersachsen;DENI031;Jadebusen;ländliches Gebiet;Hintergrund;7,2;0
Niedersachsen;DENI051;Wurmberg;ländliches Gebiet;Hintergrund;3,2;0
Niedersachsen;DENI058;Ostfries. Inseln;ländliches Gebiet;Hintergrund;5,3;0
Niedersachsen;DENI059;Elbmündung;ländliches Gebiet;Hintergrund;8;0
Niedersachsen;DENI060;Wendland;ländliches Gebiet;Hintergrund;6,7;0
Niedersachsen;DENI063;Altes Land;ländliches Gebiet;Hintergrund;9,2;0
Niedersachsen;DENI077;Solling-Süd;ländliches Gebiet;Hintergrund;4,8;0
Rheinland-Pfalz;DERP013;Westpfalz-Dunzweiler;ländliches Gebiet;Hintergrund;4,6;0
Rheinland-Pfalz;DERP014;Hunsrück-Leisel;ländliches Gebiet;Hintergrund;3;0
Rheinland-Pfalz;DERP015;Westeifel Wascheid;ländliches Gebiet;Hintergrund;3;0
Rheinland-Pfalz;DERP016;Westerwald-Herdorf;ländliches Gebiet;Hintergrund;3,9;0
Rheinland-Pfalz;DERP017;Pfälzerwald-Hortenkopf;ländliches Gebiet;Hintergrund;3;0
Rheinland-Pfalz;DERP028;Westerwald-Neuhäusel;ländliches Gebiet;Hintergrund;4,4;0
Sachsen-Anhalt;DEST104;Domäne Bobbe;ländliches Gebiet;Hintergrund;5;0
UBA;DEUB001;Westerland;ländliches Gebiet;Hintergrund;3,6;0
UBA;DEUB005;Waldhof;ländliches Gebiet;Hintergrund;3,9;0
UBA;DEUB028;Zingst;ländliches Gebiet;Hintergrund;3,6;0
UBA;DEUB029;Schmücke;ländliches Gebiet;Hintergrund;2,6;0
Brandenburg;DEBB044;Cottbus, Bahnhofstr.;städtisches Gebiet;Verkehr;17;0
Brandenburg;DEBB045;Frankfurt (Oder), Leipziger Str.;städtisches Gebiet;Verkehr;25;0
Brandenburg;DEBB049;Brandenburg, Neuendorfer Str.;städtisches Gebiet;Verkehr;16;0
Brandenburg;DEBB054;Potsdam, Zeppelinstr.;städtisches Gebiet;Verkehr;21;0
Brandenburg;DEBB060;Eberswalde, Breite Straße;städtisches Gebiet;Verkehr;17;0
Brandenburg;DEBB068;Bernau, Lohmühlenstr.;städtisches Gebiet;Verkehr;16;0
Brandenburg;DEBB073;Potsdam, Großbeerenstr.;städtisches Gebiet;Verkehr;21;0
Berlin;DEBE061;Berlin Schildhornstraße;städtisches Gebiet;Verkehr;20;0
Berlin;DEBE063;Berlin Silbersteinstraße 1;städtisches Gebiet;Verkehr;32;0
Berlin;DEBE065;Berlin Frankfurter Allee;städtisches Gebiet;Verkehr;24;0
Berlin;DEBE067;Berlin Hardenbergplatz;städtisches Gebiet;Verkehr;19;0
Berlin;DEBE069;Berlin Mariendorfer Damm;städtisches Gebiet;Verkehr;26;0
Berlin;DEBE082;Berlin Leipziger Straße;städtisches Gebiet;Verkehr;31;
Berlin;DEBE083;Berlin Kantstraße;städtisches Gebiet;Verkehr;23;
Berlin;DEBE084;Berlin Hauptstraße;städtisches Gebiet;Verkehr;29;
Berlin;DEBE085;Berlin Herrmannstraße;städtisches Gebiet;Verkehr;30;
Berlin;DEBE086;Berlin Sonnenallee;städtisches Gebiet;Verkehr;33;
Berlin;DEBE092;Berlin Spandauer Damm;städtisches Gebiet;Verkehr;38;
Berlin;DEBE096;Berlin Landsberger Allee;städtisches Gebiet;Verkehr;32;
Berlin;DEBE097;Berlin Herrmannplatz;städtisches Gebiet;Verkehr;31;
Baden-Württemberg;DEBW080;Karlsruhe Reinhold-Frank-Straße;städtisches Gebiet;Verkehr;22;0
Baden-Württemberg;DEBW098;Mannheim Friedrichsring;städtisches Gebiet;Verkehr;29;0
Baden-Württemberg;DEBW099;Stuttgart Arnulf-Klett-Platz;städtisches Gebiet;Verkehr;28;0
Baden-Württemberg;DEBW116;Stuttgart Hohenheimer Straße;städtisches Gebiet;Verkehr;28;0
Baden-Württemberg;DEBW117;Ludwigsburg Friedrichstraße;städtisches Gebiet;Verkehr;31;
Baden-Württemberg;DEBW118;Stuttgart Am Neckartor;städtisches Gebiet;Verkehr;32;0
Baden-Württemberg;DEBW120;Leonberg Grabenstraße;städtisches Gebiet;Verkehr;23;0
Baden-Württemberg;DEBW122;Freiburg Schwarzwaldstraße;städtisches Gebiet;Verkehr;25;0
Baden-Württemberg;DEBW136;Tübingen Mühlstraße;städtisches Gebiet;Verkehr;26;0
Baden-Württemberg;DEBW138;Ulm Zinglerstraße;städtisches Gebiet;Verkehr;25;
Baden-Württemberg;DEBW147;Reutlingen Lederstraße-Ost;städtisches Gebiet;Verkehr;27;0
Baden-Württemberg;DEBW152;Heilbronn Weinsberger Straße-Ost;städtisches Gebiet;Verkehr;29;0
Baden-Württemberg;DEBW156;Schramberg Oberndorfer Straße;städtisches Gebiet;Verkehr;24;0
Bayern;DEBY001;Ansbach/Residenzstraße;städtisches Gebiet;Verkehr;21;0
Bayern;DEBY006;Augsburg/Königsplatz;städtisches Gebiet;Verkehr;19;0
Bayern;DEBY028;Kelheim/Regensburger Straße;städtisches Gebiet;Verkehr;14;0
Bayern;DEBY033;Landshut/Podewilsstraße;städtisches Gebiet;Verkehr;18;0
Bayern;DEBY035;Lindau (Bodensee)/Friedrichshafener Straße;städtisches Gebiet;Verkehr;14;0
Bayern;DEBY037;München/Stachus;städtisches Gebiet;Verkehr;28;0
Bayern;DEBY053;Nürnberg/Bahnhof;städtisches Gebiet;Verkehr;24;0
Bayern;DEBY063;Regensburg/Rathaus;städtisches Gebiet;Verkehr;26;0
Bayern;DEBY110;Augsburg/Karlstraße;städtisches Gebiet;Verkehr;28;0
Bayern;DEBY111;Bayreuth/Hohenzollernring;städtisches Gebiet;Verkehr;18;0
Bayern;DEBY115;München/Landshuter Allee;städtisches Gebiet;Verkehr;45;0
Bayern;DEBY119;Würzburg/Stadtring Süd;städtisches Gebiet;Verkehr;21;0
Bayern;DEBY120;Nürnberg/Von-der-Tann-Straße;städtisches Gebiet;Verkehr;29;0
Bremen;DEHB006;Bremen-Dobben;städtisches Gebiet;Verkehr;26;0
Bremen;DEHB011;Bremerhaven-Cherbourger Straße;städtisches Gebiet;Verkehr;24;0
Hessen;DEHE037;Wiesbaden Ringkirche;städtisches Gebiet;Verkehr;29;0
Hessen;DEHE040;Darmstadt Hügelstraße;städtisches Gebiet;Verkehr;20;0
Hessen;DEHE041;Frankfurt Friedberger Landstraße;städtisches Gebiet;Verkehr;26;0
Hessen;DEHE049;Kassel Fünffensterstraße;städtisches Gebiet;Verkehr;27;0
Hessen;DEHE059;Fulda Petersberger Straße;städtisches Gebiet;Verkehr;24;0
Hessen;DEHE061;Gießen Westanlage;städtisches Gebiet;Verkehr;28;0
Hessen;DEHE062;Marburg Universitätsstraße;städtisches Gebiet;Verkehr;22;1
Hessen;DEHE063;Heppenheim Lehrstraße;städtisches Gebiet;Verkehr;19;0
Hessen;DEHE099;Limburg Schiede I;städtisches Gebiet;Verkehr;37;
Hessen;DEHE100;Limburg Schiede II;städtisches Gebiet;Verkehr;25;
Hessen;DEHE101;Limburg Frankfurter Straße;städtisches Gebiet;Verkehr;27;
Hessen;DEHE102;Offenbach Untere Grenzstraße I;städtisches Gebiet;Verkehr;28;
Hessen;DEHE104;Offenbach Mainstraße;städtisches Gebiet;Verkehr;30;
Hessen;DEHE111;Rüsselsheim Rugby-Ring;städtisches Gebiet;Verkehr;26;
Hessen;DEHE112;Wiesbaden Schiersteiner Straße;städtisches Gebiet;Verkehr;30;0
Hessen;DEHE116;Offenbach Untere Grenzstraße;städtisches Gebiet;Verkehr;23;0
Hessen;DEHE131;Limburg Schiede;städtisches Gebiet;Verkehr;29;0
Hessen;DEHE132;Darmstadt Hügelstraße I;städtisches Gebiet;Verkehr;36;
Hessen;DEHE133;Bensheim Nibelungenstraße;städtisches Gebiet;Verkehr;26;
Hessen;DEHE136;Frankfurt Battonnstraße;städtisches Gebiet;Verkehr;32;
Hessen;DEHE138;Darmstadt Heinrichstraße II;städtisches Gebiet;Verkehr;26;
Hessen;DEHE139;Frankfurt Am Erlenbruch I;städtisches Gebiet;Verkehr;29;
Hessen;DEHE140;Frankfurt Am Erlenbruch II;städtisches Gebiet;Verkehr;29;
Hessen;DEHE142;Marburg Universitätsstraße I;städtisches Gebiet;Verkehr;23;
Hamburg;DEHH026;Hamburg Stresemannstraße;städtisches Gebiet;Verkehr;33;0
Hamburg;DEHH064;Hamburg Kieler Straße;städtisches Gebiet;Verkehr;31;0
Hamburg;DEHH068;Hamburg Habichtstraße;städtisches Gebiet;Verkehr;36;0
Hamburg;DEHH070;Hamburg Max-Brauer-Allee II (Straße);städtisches Gebiet;Verkehr;30;0
Mecklenburg-Vorpommern;DEMV020;Rostock Am Strande;städtisches Gebiet;Verkehr;22;0
Mecklenburg-Vorpommern;DEMV022;Rostock-Holbeinplatz;städtisches Gebiet;Verkehr;18;0
Mecklenburg-Vorpommern;DEMV025;Stralsund-Knieperdamm;städtisches Gebiet;Verkehr;11;0
Mecklenburg-Vorpommern;DEMV058;Neubrandenburg Woldegker Straße;städtisches Gebiet;Verkehr;19;0
Niedersachsen;DENI048;Hannover Verkehr;städtisches Gebiet;Verkehr;28;0
Niedersachsen;DENI066;Hildesheim Verkehr;städtisches Gebiet;Verkehr;26;0
Niedersachsen;DENI067;Osnabrück-Verkehr;städtisches Gebiet;Verkehr;27;0
Niedersachsen;DENI068;Göttingen-Verkehr;städtisches Gebiet;Verkehr;22;0
Niedersachsen;DENI074;Hameln-Verkehr;städtisches Gebiet;Verkehr;27;
Niedersachsen;DENI075;Braunschweig-Verkehr;städtisches Gebiet;Verkehr;22;0
Niedersachsen;DENI143;Oldenburg Heiligengeistwall;städtisches Gebiet;Verkehr;28;0
Niedersachsen;DENI146;Osnabrück Neuer Graben;städtisches Gebiet;Verkehr;28;
Niedersachsen;DENI150;Hannover Friedrich-Ebert-Straße;städtisches Gebiet;Verkehr;31;
Niedersachsen;DENI152;Hannover Marienstraße;städtisches Gebiet;Verkehr;30;
Niedersachsen;DENI157;Wolfsburg Heßlinger Straße;städtisches Gebiet;Verkehr;20;0
Nordrhein-Westfalen;DENW043;Essen-Ost Steeler Straße;städtisches Gebiet;Verkehr;22;0
Nordrhein-Westfalen;DENW082;Düsseldorf Corneliusstraße;städtisches Gebiet;Verkehr;32;0
Nordrhein-Westfalen;DENW112;Duisburg Kardinal-Galen-Straße;städtisches Gebiet;Verkehr;23;0
Nordrhein-Westfalen;DENW133;Hagen Graf-von-Galen-Ring;städtisches Gebiet;Verkehr;29;0
Nordrhein-Westfalen;DENW134;Essen Gladbecker Straße;städtisches Gebiet;Verkehr;27;0
Nordrhein-Westfalen;DENW136;Dortmund Brackeler Straße;städtisches Gebiet;Verkehr;30;0
Nordrhein-Westfalen;DENW148;Köln Justinianstraße;städtisches Gebiet;Verkehr;33;
Nordrhein-Westfalen;DENW151;Köln Neumarkt;städtisches Gebiet;Verkehr;29;
Nordrhein-Westfalen;DENW157;Paderborn Bahnhofstraße;städtisches Gebiet;Verkehr;27;
Nordrhein-Westfalen;DENW161;Essen Alfredstraße 9/11;städtisches Gebiet;Verkehr;30;
Nordrhein-Westfalen;DENW162;Essen Brückstraße;städtisches Gebiet;Verkehr;28;
Nordrhein-Westfalen;DENW165;Mönchengladbach Aachener Straße 426/428;städtisches Gebiet;Verkehr;25;
Nordrhein-Westfalen;DENW171;Essen Hombrucher Straße 21;städtisches Gebiet;Verkehr;26;
Nordrhein-Westfalen;DENW172;Neuss Friedrichstraße 29;städtisches Gebiet;Verkehr;27;
Nordrhein-Westfalen;DENW175;Bonn Reuterstraße;städtisches Gebiet;Verkehr;30;
Nordrhein-Westfalen;DENW176;Bonn Bornheimer Straße 35a;städtisches Gebiet;Verkehr;23;
Nordrhein-Westfalen;DENW178;Aachen Adalbertsteinweg;städtisches Gebiet;Verkehr;29;
Nordrhein-Westfalen;DENW184;Dortmund B1 Westfalendamm;städtisches Gebiet;Verkehr;27;
Nordrhein-Westfalen;DENW185;Dortmund B1 Rheinlanddamm;städtisches Gebiet;Verkehr;26;
Nordrhein-Westfalen;DENW187;Mülheim Aktienstraße;städtisches Gebiet;Verkehr;30;
Nordrhein-Westfalen;DENW188;Oberhausen Mülheimer Straße 117;städtisches Gebiet;Verkehr;31;0
Nordrhein-Westfalen;DENW189;Wuppertal Gathe;städtisches Gebiet;Verkehr;32;0
Nordrhein-Westfalen;DENW200;Bielefeld Detmolder Straße;städtisches Gebiet;Verkehr;19;0
Nordrhein-Westfalen;DENW206;Solingen Konrad-Adenauer-Straße;städtisches Gebiet;Verkehr;23;0
Nordrhein-Westfalen;DENW207;Aachen Wilhelmstraße;städtisches Gebiet;Verkehr;27;0
Nordrhein-Westfalen;DENW208;Gelsenkirchen Kurt-Schumacher-Straße;städtisches Gebiet;Verkehr;29;0
Nordrhein-Westfalen;DENW209;Oberhausen Mülheimer Straße 116;städtisches Gebiet;Verkehr;33;
Nordrhein-Westfalen;DENW211;Köln Clevischer Ring;städtisches Gebiet;Verkehr;30;0
Nordrhein-Westfalen;DENW212;Köln Turiner Straße;städtisches Gebiet;Verkehr;27;0
Nordrhein-Westfalen;DENW213;Overath Hauptstraße 55;städtisches Gebiet;Verkehr;30;
Nordrhein-Westfalen;DENW215;Essen-Frohnhausen;städtisches Gebiet;Verkehr;33;
Nordrhein-Westfalen;DENW216;Düsseldorf-Bilk;städtisches Gebiet;Verkehr;36;
Nordrhein-Westfalen;DENW219;Köln-Weiden;städtisches Gebiet;Verkehr;29;
Nordrhein-Westfalen;DENW228;Bielefeld Stapenhorststraße 42;städtisches Gebiet;Verkehr;16;
Nordrhein-Westfalen;DENW252;Krefeld Oranierring;städtisches Gebiet;Verkehr;29;
Nordrhein-Westfalen;DENW259;Mönchengladbach Friedrich-Ebert-Straße;städtisches Gebiet;Verkehr;18;0
Nordrhein-Westfalen;DENW260;Münster Weseler Straße;städtisches Gebiet;Verkehr;21;0
Nordrhein-Westfalen;DENW267;Hürth Luxemburger Straße 344;städtisches Gebiet;Verkehr;23;
Nordrhein-Westfalen;DENW277;Essen Krayer Straße 213;städtisches Gebiet;Verkehr;29;
Nordrhein-Westfalen;DENW278;Gladbeck Grabenstraße 46;städtisches Gebiet;Verkehr;27;
Nordrhein-Westfalen;DENW281;Hagen Märkischer Ring 85;städtisches Gebiet;Verkehr;35;
Nordrhein-Westfalen;DENW287;Eschweiler Indestraße;städtisches Gebiet;Verkehr;27;
Nordrhein-Westfalen;DENW289;Neuss Krefelder Straße;städtisches Gebiet;Verkehr;28;
Nordrhein-Westfalen;DENW290;Neuss Batteriestraße;städtisches Gebiet;Verkehr;31;
Nordrhein-Westfalen;DENW296;Recklinghausen Bochumer Straße;städtisches Gebiet;Verkehr;28;
Nordrhein-Westfalen;DENW303;Köln Dellbrücker Hauptstraße;städtisches Gebiet;Verkehr;24;
Nordrhein-Westfalen;DENW331;Bochum Herner Straße 385;städtisches Gebiet;Verkehr;28;
Nordrhein-Westfalen;DENW332;Köln Hauptstraße;städtisches Gebiet;Verkehr;29;
Nordrhein-Westfalen;DENW336;Köln Luxemburger Straße;städtisches Gebiet;Verkehr;30;
Nordrhein-Westfalen;DENW340;Düsseldorf Ludenberger Straße;städtisches Gebiet;Verkehr;33;
Nordrhein-Westfalen;DENW353;Köln Lindweilerweg 144;städtisches Gebiet;Verkehr;25;
Nordrhein-Westfalen;DENW354;Düsseldorf Südring;städtisches Gebiet;Verkehr;27;
Nordrhein-Westfalen;DENW355;Leverkusen Gustav-Heinemann-Straße;städtisches Gebiet;Verkehr;29;0
Nordrhein-Westfalen;DENW356;Lüdenscheid Lennestraße;städtisches Gebiet;Verkehr;27;0
Nordrhein-Westfalen;DENW358;Köln Bergisch Gladbacher Straße;städtisches Gebiet;Verkehr;25;
Nordrhein-Westfalen;DENW363;Paderborn-Schloss Neuhaus;städtisches Gebiet;Verkehr;27;
Nordrhein-Westfalen;DENW368;Düsseldorf Burgunderstraße;städtisches Gebiet;Verkehr;30;
Nordrhein-Westfalen;DENW369;Herne Recklinghauser Straße 4/6;städtisches Gebiet;Verkehr;30;
Nordrhein-Westfalen;DENW371;Aachen-Haaren;städtisches Gebiet;Verkehr;25;
Nordrhein-Westfalen;DENW373;Essen Abteistraße;städtisches Gebiet;Verkehr;27;
Nordrhein-Westfalen;DENW376;Duisburg Friedrich-Wilhelm-Straße 25;städtisches Gebiet;Verkehr;27;
Nordrhein-Westfalen;DENW377;Duisburg Meiderich Bahnhofstraße;städtisches Gebiet;Verkehr;30;
Nordrhein-Westfalen;DENW384;Bochum Dorstener Straße;städtisches Gebiet;Verkehr;26;
Nordrhein-Westfalen;DENW385;Düsseldorf Bernburger Straße;städtisches Gebiet;Verkehr;33;
Nordrhein-Westfalen;DENW393;Düsseldorf Kaiserstraße 31;städtisches Gebiet;Verkehr;30;
Rheinland-Pfalz;DERP010;Mainz-Parcusstraße;städtisches Gebiet;Verkehr;27;0
Rheinland-Pfalz;DERP011;Mainz-Rheinallee;städtisches Gebiet;Verkehr;24;0
Rheinland-Pfalz;DERP012;Mainz-Große Langgasse;städtisches Gebiet;Verkehr;25;
Rheinland-Pfalz;DERP020;Trier-Ostallee;städtisches Gebiet;Verkehr;18;0
Rheinland-Pfalz;DERP023;Worms-Hagenstraße;städtisches Gebiet;Verkehr;18;0
Rheinland-Pfalz;DERP024;Koblenz-Friedrich-Ebert-Ring;städtisches Gebiet;Verkehr;22;0
Rheinland-Pfalz;DERP026;Frankenthal-Europaring;städtisches Gebiet;Verkehr;20;0
Rheinland-Pfalz;DERP036;Trier Kaiserstraße;städtisches Gebiet;Verkehr;26;
Rheinland-Pfalz;DERP041;Ludwigshafen-Heinigstraße;städtisches Gebiet;Verkehr;27;0
Rheinland-Pfalz;DERP045;Koblenz-Hohenfelder Straße;städtisches Gebiet;Verkehr;25;0
Rheinland-Pfalz;DERP046;Neuwied-Hermannstraße;städtisches Gebiet;Verkehr;18;0
Rheinland-Pfalz;DERP052;Mayen;städtisches Gebiet;Verkehr;19;
Saarland;DESL020;Saarbrücken-Verkehr;städtisches Gebiet;Verkehr;24;0
Saarland;DESL030;Ottweiler;städtisches Gebiet;Verkehr;17;0
Schleswig-Holstein;DESH022;Flensburg;städtisches Gebiet;Verkehr;21;0
Schleswig-Holstein;DESH025;Itzehoe Lindenstr.;städtisches Gebiet;Verkehr;22;
Schleswig-Holstein;DESH027;Kiel-Bahnhofstr. Verk.;städtisches Gebiet;Verkehr;26;0
Schleswig-Holstein;DESH030;Norderstedt;städtisches Gebiet;Verkehr;26;0
Schleswig-Holstein;DESH052;Kiel-Theodor-Heuss-Ring;städtisches Gebiet;Verkehr;32;0
Schleswig-Holstein;DESH053;Lübeck Moislinger Allee;städtisches Gebiet;Verkehr;19;0
Schleswig-Holstein;DESH059;Elmshorn-Holstenstraße;städtisches Gebiet;Verkehr;23;
Schleswig-Holstein;DESH060;Rendsburg-Materialhofstraße;städtisches Gebiet;Verkehr;27;
Sachsen;DESN006;Borna;städtisches Gebiet;Verkehr;12;0
Sachsen;DESN020;Görlitz;städtisches Gebiet;Verkehr;17;0
Sachsen;DESN025;Leipzig-Mitte;städtisches Gebiet;Verkehr;22;0
Sachsen;DESN061;Dresden-Nord;städtisches Gebiet;Verkehr;20;0
Sachsen;DESN075;Plauen-Süd;städtisches Gebiet;Verkehr;16;0
Sachsen;DESN077;Leipzig Lützner Str.;städtisches Gebiet;Verkehr;22;0
Sachsen;DESN083;Chemnitz-Leipziger Str.;städtisches Gebiet;Verkehr;22;0
Sachsen;DESN084;Dresden-Bergstr.;städtisches Gebiet;Verkehr;26;0
Sachsen;DESN091;Zwickau-Werdauer Str.;städtisches Gebiet;Verkehr;15;0
Sachsen-Anhalt;DEST092;Wittenberg/Dessauer Strasse;städtisches Gebiet;Verkehr;16;0
Sachsen-Anhalt;DEST095;Aschersleben;städtisches Gebiet;Verkehr;17;0
Sachsen-Anhalt;DEST101;Halberstadt/Friedenstrasse;städtisches Gebiet;Verkehr;21;
Sachsen-Anhalt;DEST102;Halle/Paracelsusstr.;städtisches Gebiet;Verkehr;26;0
Sachsen-Anhalt;DEST103;Magdeburg Schleinufer;städtisches Gebiet;Verkehr;20;0
Sachsen-Anhalt;DEST108;Weißenfels/Am Krug;städtisches Gebiet;Verkehr;10;0
Sachsen-Anhalt;DEST112;Magdeburg/Guericke-Stra.;städtisches Gebiet;Verkehr;17;0
Sachsen-Anhalt;DEST133;Halle/Riebeckplatz;städtisches Gebiet;Verkehr;14;0
Thüringen;DETH043;Erfurt Bergstr.;städtisches Gebiet;Verkehr;20;0
Thüringen;DETH072;Suhl F.-König-Str;städtisches Gebiet;Verkehr;14;0
Thüringen;DETH075;Jena Westbahnhofstr.;städtisches Gebiet;Verkehr;23;
Thüringen;DETH081;Erfurt Heinrichstr;städtisches Gebiet;Verkehr;19;0
Thüringen;DETH083;Weimar Steubenstr.;städtisches Gebiet;Verkehr;14;0
Thüringen;DETH091;Mühlhausen Wanfrieder Str;städtisches Gebiet;Verkehr;15;0
Thüringen;DETH097;Gera Str.des Friedens;städtisches Gebiet;Verkehr;26;
Thüringen;DETH098;Gera Theaterstr. PS;städtisches Gebiet;Verkehr;26;
Thüringen;DETH100;Mühlhausen Petristeinweg;städtisches Gebiet;Verkehr;29;
Thüringen;DETH101;Weimar Jenaer Str.;städtisches Gebiet;Verkehr;22;
Thüringen;DETH102;Suhl Dr.Th.-Neubauer-Str.;städtisches Gebiet;Verkehr;21;
Thüringen;DETH128;Saalfeld Friedens;städtisches Gebiet;Verkehr;23;
Niedersachsen;DENI175;Hannover Göttinger Straße, wohngebäudenah;städtisches Gebiet;Verkehr;25;
Niedersachsen;DENI178;Hannover Marienstraße, wohngebäudenah;städtisches Gebiet;Verkehr;23;
Thüringen;DETH131;Nordhausen Grimmelallee;städtisches Gebiet;Verkehr;23;
Rheinland-Pfalz;DERP067;Koblenz-Bahnhofstr.;städtisches Gebiet;Verkehr;27;
Rheinland-Pfalz;DERP068;Koblenz-Hohenzollernstr.;städtisches Gebiet;Verkehr;28;
Rheinland-Pfalz;DERP070;Koblenz-Trierer Str.;städtisches Gebiet;Verkehr;21;
Rheinland-Pfalz;DERP071;Koblenz-Rübenach;städtisches Gebiet;Verkehr;18;
Rheinland-Pfalz;DERP072;Ludwigshafen-Heinigstr./Wredestr.;städtisches Gebiet;Verkehr;26;
Nordrhein-Westfalen;DENW399;Essen Kruppstraße 117;städtisches Gebiet;Verkehr;41;
Rheinland-Pfalz;DERP073;Ludwigshafen-Kaiser-Wilhelmstr.;städtisches Gebiet;Verkehr;34;
Rheinland-Pfalz;DERP074;Ludwigshafen-Heinigstr./Dörrhorststr.;städtisches Gebiet;Verkehr;29;
Rheinland-Pfalz;DERP075;Speyer-Bahnhofstraße;städtisches Gebiet;Verkehr;20;
Rheinland-Pfalz;DERP079;Mainz-Kaiserstr./Rheinallee;städtisches Gebiet;Verkehr;31;
Rheinland-Pfalz;DERP080;Mainz-Leibnizstr.;städtisches Gebiet;Verkehr;19;
Rheinland-Pfalz;DERP081;Mainz-Boppstr.;städtisches Gebiet;Verkehr;24;
Rheinland-Pfalz;DERP082;Mainz-Binger Str.;städtisches Gebiet;Verkehr;31;
Rheinland-Pfalz;DERP083;Mainz-Bahnhofstr.;städtisches Gebiet;Verkehr;27;
Rheinland-Pfalz;DERP085;Mainz-Neubrunnenplatz;städtisches Gebiet;Verkehr;30;
Rheinland-Pfalz;DERP086;Mainz-Große Bleiche;städtisches Gebiet;Verkehr;26;
Rheinland-Pfalz;DERP087;Mainz-Bauhofstr. (FM);städtisches Gebiet;Verkehr;22;
Rheinland-Pfalz;DERP089;Mainz-Große Bleiche (Landtag);städtisches Gebiet;Verkehr;25;
Rheinland-Pfalz;DERP090;Mainz-Feldbergplatz;städtisches Gebiet;Verkehr;20;
Rheinland-Pfalz;DERP092;Mainz-Rheinallee/Parkh.;städtisches Gebiet;Verkehr;26;
Rheinland-Pfalz;DERP094;Mainz-Rheinstraße 24;städtisches Gebiet;Verkehr;31;
Rheinland-Pfalz;DERP096;Mainz-Rheinstr. (DB Cargo);städtisches Gebiet;Verkehr;28;
Rheinland-Pfalz;DERP097;Mainz-Windmühlenstr.;städtisches Gebiet;Verkehr;27;
Rheinland-Pfalz;DERP098;Mainz-Fichteplatz;städtisches Gebiet;Verkehr;23;
Rheinland-Pfalz;DERP099;Mainz-Schillerstr.;städtisches Gebiet;Verkehr;23;
Rheinland-Pfalz;DERP100;Mainz-Rheinallee (LfU);städtisches Gebiet;Verkehr;31;
Rheinland-Pfalz;DERP101;Mainz-Rheinstr. (Stadtmauer);städtisches Gebiet;Verkehr;30;
Rheinland-Pfalz;DERP102;Mainz-Rheinstr. (Rheingoldhalle);städtisches Gebiet;Verkehr;31;
Rheinland-Pfalz;DERP106;Koblenz-Charlottenstr.;städtisches Gebiet;Verkehr;26;
Berlin;DEBE121;Berlin Mehringdamm;städtisches Gebiet;Verkehr;35;
Berlin;DEBE125;Berlin Leipziger Straße (MC);städtisches Gebiet;Verkehr;28;0
Nordrhein-Westfalen;DENW400;Köln Hahnenstraße 45;städtisches Gebiet;Verkehr;30;
Nordrhein-Westfalen;DENW401;Köln Luxemburger Straße 78;städtisches Gebiet;Verkehr;30;
Nordrhein-Westfalen;DENW403;Hagen Eckeseyer Str. 7;städtisches Gebiet;Verkehr;30;
Nordrhein-Westfalen;DENW404;Hagen Bergischer Ring 32;städtisches Gebiet;Verkehr;23;
Thüringen;DETH132;Erfurt Schillerstr.;städtisches Gebiet;Verkehr;21;
Nordrhein-Westfalen;DENW406;Bochum Dorstener Straße 229;städtisches Gebiet;Verkehr;27;
Nordrhein-Westfalen;DENW407;Bochum Herner Straße 226;städtisches Gebiet;Verkehr;27;
Nordrhein-Westfalen;DENW408;Dortmund Mallinckrodtstraße 192;städtisches Gebiet;Verkehr;34;
Nordrhein-Westfalen;DENW409;Dortmund Märkische Straße 57;städtisches Gebiet;Verkehr;28;
Nordrhein-Westfalen;DENW410;Dortmund Ruhrallee 61;städtisches Gebiet;Verkehr;32;
Nordrhein-Westfalen;DENW411;Dortmund Borsigstraße 53;städtisches Gebiet;Verkehr;34;
Nordrhein-Westfalen;DENW412;Bielefeld August-Bebel-Straße 79;städtisches Gebiet;Verkehr;21;
Nordrhein-Westfalen;DENW413;Bielefeld Kreuzstraße 7;städtisches Gebiet;Verkehr;26;
Rheinland-Pfalz;DERP107;Mainz-Rheinstr./Dagobertstr.;städtisches Gebiet;Verkehr;30;
Baden-Württemberg;DEBW241;Ludwigsburg Schlossstraße;städtisches Gebiet;Verkehr;35;0
Nordrhein-Westfalen;DENW414;Bielefeld Stapenhorststraße 14;städtisches Gebiet;Verkehr;21;
Bayern;DEBY198;Ingolstadt/Münchener Str.;städtisches Gebiet;Verkehr;22;0
Sachsen-Anhalt;DEST134;Dessau/Roßlau;städtisches Gebiet;Verkehr;9,5;0
Nordrhein-Westfalen;DENW415;Oberhausen Duisburger Straße;städtisches Gebiet;Verkehr;26;0
Baden-Württemberg;DEBW242;Stuttgart Pragstraße;städtisches Gebiet;Verkehr;21;
Baden-Württemberg;DEBW243;Stuttgart Talstraße;städtisches Gebiet;Verkehr;34;
Mecklenburg-Vorpommern;DEMV059;Schwerin Obotr. West;städtisches Gebiet;Verkehr;17;0
Nordrhein-Westfalen;DENW416;Duisburg Moerser Straße 245;städtisches Gebiet;Verkehr;24;
Hessen;DEHE151;Frankfurt Hochstraße;städtisches Gebiet;Verkehr;31;
Hessen;DEHE157;Frankfurt Kasinostraße;städtisches Gebiet;Verkehr;30;
Hessen;DEHE158;Frankfurt Mainzer Landstraße;städtisches Gebiet;Verkehr;34;
Hessen;DEHE163;Marburg Bahnhofstraße;städtisches Gebiet;Verkehr;28;
Nordrhein-Westfalen;DENW417;Köln Subbelrather Straße 262;städtisches Gebiet;Verkehr;27;
Nordrhein-Westfalen;DENW418;Duisburg Asterlager Straße 122;städtisches Gebiet;Verkehr;25;
Nordrhein-Westfalen;DENW419;Düsseldorf Herzogstraße 37;städtisches Gebiet;Verkehr;34;
Berlin;DEBE126;Berlin Karl-Marx-Straße II;städtisches Gebiet;Verkehr;24;0
Nordrhein-Westfalen;DENW420;Düsseldorf Südring 51;städtisches Gebiet;Verkehr;35;
Nordrhein-Westfalen;DENW421;Düsseldorf Uerdinger Straße 108;städtisches Gebiet;Verkehr;34;
Nordrhein-Westfalen;DENW422;Köln Aachener Straße 491;städtisches Gebiet;Verkehr;24;
Bayern;DEBY200;Passau/Angerstr.;städtisches Gebiet;Verkehr;30;0
Baden-Württemberg;DEBW245;Pforzheim Luisenstraße;städtisches Gebiet;Verkehr;37;
Baden-Württemberg;DEBW246;Pforzheim St.-Georgen-Steige;städtisches Gebiet;Verkehr;32;
Nordrhein-Westfalen;DENW423;Duisburg Karl-Jarres-Straße 69;städtisches Gebiet;Verkehr;28;
Hessen;DEHE165;Neu-Isenburg Frankfurter Straße I;städtisches Gebiet;Verkehr;26;
Hessen;DEHE166;Neu-Isenburg Frankfurter Straße II;städtisches Gebiet;Verkehr;21;
Hessen;DEHE167;Neu-Isenburg Frankfurter Straße III;städtisches Gebiet;Verkehr;22;
Hessen;DEHE168;Limburg Eschhöfer Weg;städtisches Gebiet;Verkehr;24;
Hessen;DEHE169;Limburg Grabenstraße;städtisches Gebiet;Verkehr;23;
Nordrhein-Westfalen;DENW427;Essen Altenessener Straße 255;städtisches Gebiet;Verkehr;33;
Nordrhein-Westfalen;DENW428;Duisburg Duisburger Straße 66;städtisches Gebiet;Verkehr;31;
Nordrhein-Westfalen;DENW429;Bielefeld-Mitte;städtisches Gebiet;Verkehr;23;
Nordrhein-Westfalen;DENW430;Düsseldorf Merowingerstraße;städtisches Gebiet;Verkehr;31;0
Niedersachsen;DENI181;Hannover Friedrich-Ebert-Straße 37/39, wohngebäudenah;städtisches Gebiet;Verkehr;26;
Hamburg;DEHH015;Hamburg Veddel;städtisches Gebiet;Industrie;22;0
Hamburg;DEHH016;Hamburg Billbrook;städtisches Gebiet;Industrie;15;0
Mecklenburg-Vorpommern;DEMV031;Rostock-Hohe Düne;städtisches Gebiet;Industrie;14;0
Nordrhein-Westfalen;DENW021;Bottrop-Welheim;städtisches Gebiet;Industrie;18;0
Nordrhein-Westfalen;DENW034;Duisburg-Walsum;städtisches Gebiet;Industrie;19;0
Nordrhein-Westfalen;DENW181;Warstein;städtisches Gebiet;Industrie;5,7;0
Nordrhein-Westfalen;DENW338;Duisburg-Bruckhausen;städtisches Gebiet;Industrie;24;0
Rheinland-Pfalz;DERP003;Ludwigshafen-Mundenheim;städtisches Gebiet;Industrie;19;0
Saarland;DESL003;Dillingen City;städtisches Gebiet;Industrie;12;0
Brandenburg;DEBB021;Potsdam-Zentrum;städtisches Gebiet;Hintergrund;11;0
Brandenburg;DEBB064;Cottbus;städtisches Gebiet;Hintergrund;9,1;0
Brandenburg;DEBB109;Luckenwalde, 2019-2024;städtisches Gebiet;Hintergrund;9;0
Berlin;DEBE010;Berlin Wedding;städtisches Gebiet;Hintergrund;18;0
Berlin;DEBE018;Berlin Schöneberg;städtisches Gebiet;Hintergrund;15;0
Berlin;DEBE034;Berlin Neukölln;städtisches Gebiet;Hintergrund;16;0
Berlin;DEBE066;Berlin Karlshorst;städtisches Gebiet;Hintergrund;12;0
Berlin;DEBE068;Berlin Mitte;städtisches Gebiet;Hintergrund;16;0
Baden-Württemberg;DEBW009;Heidelberg;städtisches Gebiet;Hintergrund;12;0
Baden-Württemberg;DEBW013;Stuttgart-Bad Cannstatt;städtisches Gebiet;Hintergrund;17;0
Baden-Württemberg;DEBW015;Heilbronn;städtisches Gebiet;Hintergrund;17;0
Baden-Württemberg;DEBW019;Ulm;städtisches Gebiet;Hintergrund;16;0
Baden-Württemberg;DEBW027;Reutlingen;städtisches Gebiet;Hintergrund;15;0
Baden-Württemberg;DEBW033;Pforzheim;städtisches Gebiet;Hintergrund;17;0
Baden-Württemberg;DEBW038;Friedrichshafen;städtisches Gebiet;Hintergrund;14;0
Baden-Württemberg;DEBW052;Konstanz;städtisches Gebiet;Hintergrund;13;0
Baden-Württemberg;DEBW081;Karlsruhe-Nordwest;städtisches Gebiet;Hintergrund;12;0
Baden-Württemberg;DEBW084;Freiburg;städtisches Gebiet;Hintergrund;11;0
Bayern;DEBY007;Augsburg/Bourges-Platz;städtisches Gebiet;Hintergrund;17;0
Bayern;DEBY009;Bamberg/Löwenbrücke;städtisches Gebiet;Hintergrund;15;0
Bayern;DEBY032;Kulmbach/Konrad-Adenauer-Straße;städtisches Gebiet;Hintergrund;13;0
Bayern;DEBY039;München/Lothstraße;städtisches Gebiet;Hintergrund;18;0
Bayern;DEBY052;Neu-Ulm/Gabelsbergerstraße;städtisches Gebiet;Hintergrund;19;0
Bayern;DEBY058;Nürnberg/Muggenhof;städtisches Gebiet;Hintergrund;19;0
Bayern;DEBY068;Schweinfurt/Obertor;städtisches Gebiet;Hintergrund;15;0
Bayern;DEBY075;Weiden i.d.OPf./Nikolaistraße;städtisches Gebiet;Hintergrund;18;0
Bayern;DEBY079;Bad Reichenhall/Kirchholzstraße;städtisches Gebiet;Hintergrund;8,1;0
Bayern;DEBY118;Passau/Stelzhamerstraße;städtisches Gebiet;Hintergrund;22;0
Bayern;DEBY188;Schwabach/Angerstraße;städtisches Gebiet;Hintergrund;15;0
Bremen;DEHB001;Bremen-Mitte;städtisches Gebiet;Hintergrund;15;0
Bremen;DEHB002;Bremen-Ost;städtisches Gebiet;Hintergrund;13;0
Bremen;DEHB004;Bremen-Nord;städtisches Gebiet;Hintergrund;13;0
Bremen;DEHB005;Bremerhaven-Hansastraße;städtisches Gebiet;Hintergrund;15;0
Bremen;DEHB012;Bremen-Oslebshausen;städtisches Gebiet;Hintergrund;17;0
Hessen;DEHE001;Darmstadt;städtisches Gebiet;Hintergrund;13;0
Hessen;DEHE005;Frankfurt-Höchst;städtisches Gebiet;Hintergrund;28;0
Hessen;DEHE008;Frankfurt Ost;städtisches Gebiet;Hintergrund;20;0
Hessen;DEHE011;Hanau;städtisches Gebiet;Hintergrund;15;0
Hessen;DEHE013;Kassel Mitte;städtisches Gebiet;Hintergrund;14;0
Hessen;DEHE018;Raunheim;städtisches Gebiet;Hintergrund;17;0
Hessen;DEHE020;Wetzlar;städtisches Gebiet;Hintergrund;19;0
Hessen;DEHE022;Wiesbaden Süd;städtisches Gebiet;Hintergrund;17;0
Hessen;DEHE030;Marburg;städtisches Gebiet;Hintergrund;15;0
Hessen;DEHE032;Bebra;städtisches Gebiet;Hintergrund;10;0
Hessen;DEHE044;Limburg;städtisches Gebiet;Hintergrund;17;0
Hessen;DEHE045;Michelstadt;städtisches Gebiet;Hintergrund;12;0
Hessen;DEHE105;Wetzlar Linsenbergstraße;städtisches Gebiet;Hintergrund;14;
Hessen;DEHE134;Fulda Zentral;städtisches Gebiet;Hintergrund;12;0
Hessen;DEHE137;Gießen Johannette-Lein-Gasse;städtisches Gebiet;Hintergrund;17;
Hessen;DEHE145;Frankfurt Riederwald;städtisches Gebiet;Hintergrund;15;
Hamburg;DEHH008;Hamburg Sternschanze;städtisches Gebiet;Hintergrund;17;0
Hamburg;DEHH059;Hamburg Wilhelmsburg;städtisches Gebiet;Hintergrund;17;0
Hamburg;DEHH079;Hamburg Altona Elbhang;städtisches Gebiet;Hintergrund;21;0
Hamburg;DEHH081;Hamburg Hafen;städtisches Gebiet;Hintergrund;23;0
Mecklenburg-Vorpommern;DEMV019;Güstrow;städtisches Gebiet;Hintergrund;5,9;0
Mecklenburg-Vorpommern;DEMV021;Rostock-Warnemünde;städtisches Gebiet;Hintergrund;9,5;0
Mecklenburg-Vorpommern;DEMV028;Wismar;städtisches Gebiet;Hintergrund;9,7;0
Niedersachsen;DENI038;Osnabrück;städtisches Gebiet;Hintergrund;11;0
Niedersachsen;DENI054;Hannover;städtisches Gebiet;Hintergrund;11;0
Nordrhein-Westfalen;DENW008;Dortmund-Eving;städtisches Gebiet;Hintergrund;18;0
Nordrhein-Westfalen;DENW024;Essen-Vogelheim;städtisches Gebiet;Hintergrund;18;0
Nordrhein-Westfalen;DENW038;Mülheim-Styrum;städtisches Gebiet;Hintergrund;18;0
Nordrhein-Westfalen;DENW053;Köln-Chorweiler;städtisches Gebiet;Hintergrund;16;0
Nordrhein-Westfalen;DENW067;Bielefeld-Ost;städtisches Gebiet;Hintergrund;15;0
Nordrhein-Westfalen;DENW071;Düsseldorf-Lörick;städtisches Gebiet;Hintergrund;16;0
Nordrhein-Westfalen;DENW094;Aachen-Burtscheid;städtisches Gebiet;Hintergrund;8,3;0
Nordrhein-Westfalen;DENW095;Münster-Geist;städtisches Gebiet;Hintergrund;12;0
Nordrhein-Westfalen;DENW114;Wuppertal-Langerfeld;städtisches Gebiet;Hintergrund;15;0
Nordrhein-Westfalen;DENW179;Schwerte;städtisches Gebiet;Hintergrund;14;0
Nordrhein-Westfalen;DENW382;Duisburg (Rheinhafen);städtisches Gebiet;Hintergrund;22;0
Rheinland-Pfalz;DERP001;Ludwigshafen-Oppau;städtisches Gebiet;Hintergrund;14;0
Rheinland-Pfalz;DERP007;Mainz-Mombach;städtisches Gebiet;Hintergrund;14;0
Rheinland-Pfalz;DERP009;Mainz-Zitadelle;städtisches Gebiet;Hintergrund;21;0
Rheinland-Pfalz;DERP019;Kaiserslautern-Rathausplatz;städtisches Gebiet;Hintergrund;13;0
Rheinland-Pfalz;DERP021;Neuwied-Hafenstraße;städtisches Gebiet;Hintergrund;14;0
Rheinland-Pfalz;DERP022;Bad Kreuznach-Bosenheimer Straße;städtisches Gebiet;Hintergrund;16;0
Rheinland-Pfalz;DERP025;Wörth-Marktplatz;städtisches Gebiet;Hintergrund;10;0
Rheinland-Pfalz;DERP060;Pirmasens-Innenstadt;städtisches Gebiet;Hintergrund;10;0
Rheinland-Pfalz;DERP063;Koblenz-Rheinanlagen;städtisches Gebiet;Hintergrund;17;
Saarland;DESL011;Saarbrücken-Eschberg;städtisches Gebiet;Hintergrund;9;0
Saarland;DESL012;Saarbrücken-City;städtisches Gebiet;Hintergrund;18;0
Saarland;DESL017;Völklingen-City Stadionstr.;städtisches Gebiet;Hintergrund;12;0
Schleswig-Holstein;DESH023;Lübeck-St. Jürgen;städtisches Gebiet;Hintergrund;8,7;0
Schleswig-Holstein;DESH035;Brunsbüttel-Cuxhavener Straße;städtisches Gebiet;Hintergrund;18;0
Schleswig-Holstein;DESH057;Kiel-Bremerskamp;städtisches Gebiet;Hintergrund;10;0
Schleswig-Holstein;DESH058;Lauenburg-Murjahnstraße;städtisches Gebiet;Hintergrund;6,6;0
Sachsen;DESN001;Annaberg-Buchholz;städtisches Gebiet;Hintergrund;12;0
Sachsen;DESN004;Bautzen;städtisches Gebiet;Hintergrund;12;0
Sachsen;DESN017;Freiberg;städtisches Gebiet;Hintergrund;17;0
Sachsen;DESN024;Klingenthal;städtisches Gebiet;Hintergrund;7,6;0
Sachsen;DESN092;Dresden-Winckelmannstr.;städtisches Gebiet;Hintergrund;12;0
Sachsen;DESN104;Chemnitz Hans-Link-Straße;städtisches Gebiet;Hintergrund;8,3;0
Sachsen-Anhalt;DEST011;Wernigerode/Bahnhof;städtisches Gebiet;Hintergrund;8,5;0
Sachsen-Anhalt;DEST044;Halberstadt;städtisches Gebiet;Hintergrund;8,6;0
Sachsen-Anhalt;DEST050;Halle/Nord;städtisches Gebiet;Hintergrund;10;0
Sachsen-Anhalt;DEST066;Wittenberg/Bahnstrasse;städtisches Gebiet;Hintergrund;6,9;0
Sachsen-Anhalt;DEST077;Magdeburg/West;städtisches Gebiet;Hintergrund;11;0
Sachsen-Anhalt;DEST105;Stendal Stadtsee;städtisches Gebiet;Hintergrund;6,4;0
Thüringen;DETH005;Saalfeld;städtisches Gebiet;Hintergrund;10;0
Thüringen;DETH009;Gera Friedericistr.;städtisches Gebiet;Hintergrund;12;0
Thüringen;DETH011;Altenburg Theaterplatz;städtisches Gebiet;Hintergrund;11;0
Thüringen;DETH013;Eisenach Werneburgstr.;städtisches Gebiet;Hintergrund;8,1;0
Thüringen;DETH018;Nordhausen;städtisches Gebiet;Hintergrund;11;0
Thüringen;DETH020;Erfurt Krämpferstr.;städtisches Gebiet;Hintergrund;12;0
Thüringen;DETH036;Greiz Mollbergstr.;städtisches Gebiet;Hintergrund;8,7;0
Thüringen;DETH041;Jena Dammstr.;städtisches Gebiet;Hintergrund;10;0
Thüringen;DETH093;Weimar Schwanseestr.;städtisches Gebiet;Hintergrund;11;0
Thüringen;DETH095;Mühlhausen Bastmarkt;städtisches Gebiet;Hintergrund;9,1;0
Rheinland-Pfalz;DERP065;Koblenz-Peter-Altmeier-Ufer;städtisches Gebiet;Hintergrund;26;
Rheinland-Pfalz;DERP066;Koblenz-Jesuitenplatz;städtisches Gebiet;Hintergrund;17;
Rheinland-Pfalz;DERP069;Koblenz-Mainzer Str.;städtisches Gebiet;Hintergrund;20;
Rheinland-Pfalz;DERP091;Mainz-Adenauer Ufer;städtisches Gebiet;Hintergrund;20;
Rheinland-Pfalz;DERP108;Koblenz-Deuteches Eck;städtisches Gebiet;Hintergrund;20;
Bayern;DEBY199;Neustadt a.d. Aisch/An der Weißen Marter;städtisches Gebiet;Hintergrund;8,3;0
Brandenburg;DEBB111;Elsterwerda;städtisches Gebiet;Hintergrund;7;0
Nordrhein-Westfalen;DENW431;Düsseldorf-Lohausen;städtisches Gebiet;Hintergrund;17;0
Baden-Württemberg;DEBW125;Pfinztal Karlsruher Straße;vorstädtisches Gebiet;Verkehr;21;0
Baden-Württemberg;DEBW128;Mühlacker Stuttgarter Straße;vorstädtisches Gebiet;Verkehr;29;
Nordrhein-Westfalen;DENW297;Köln-Meschenich Brühler Landstraße;vorstädtisches Gebiet;Verkehr;23;
Brandenburg;DEBB029;Schwedt (Oder);vorstädtisches Gebiet;Industrie;6,4;0
Brandenburg;DEBB032;Eisenhüttenstadt;vorstädtisches Gebiet;Industrie;7,1;0
Baden-Württemberg;DEBW005;Mannheim-Nord;vorstädtisches Gebiet;Industrie;15;0
Baden-Württemberg;DEBW022;Kehl;vorstädtisches Gebiet;Industrie;17;0
Niedersachsen;DENI053;Südoldenburg;vorstädtisches Gebiet;Industrie;9,6;0
Nordrhein-Westfalen;DENW058;Hürth;vorstädtisches Gebiet;Industrie;13;0
Nordrhein-Westfalen;DENW116;Krefeld (Hafen);vorstädtisches Gebiet;Industrie;20;0
Rheinland-Pfalz;DERP047;Trier-Pfalzel;vorstädtisches Gebiet;Industrie;11;0
Sachsen-Anhalt;DEST015;Bitterfeld/Wolfen;vorstädtisches Gebiet;Industrie;8,6;0
Sachsen-Anhalt;DEST090;Leuna;vorstädtisches Gebiet;Industrie;8,6;0
Brandenburg;DEBB048;Neuruppin;vorstädtisches Gebiet;Hintergrund;8,1;0
Brandenburg;DEBB055;Brandenburg a.d. Havel;vorstädtisches Gebiet;Hintergrund;7,8;0
Brandenburg;DEBB063;Wittenberge;vorstädtisches Gebiet;Hintergrund;5,8;0
Brandenburg;DEBB067;Nauen;vorstädtisches Gebiet;Hintergrund;9,2;0
Brandenburg;DEBB075;Potsdam, Groß Glienicke;vorstädtisches Gebiet;Hintergrund;8;0
Brandenburg;DEBB083;Spremberg;vorstädtisches Gebiet;Hintergrund;7,1;0
Brandenburg;DEBB086;Blankenfelde-Mahlow;vorstädtisches Gebiet;Hintergrund;9;0
Brandenburg;DEBB092;Frankfurt (Oder);vorstädtisches Gebiet;Hintergrund;8,5;0
Berlin;DEBE051;Berlin Buch;vorstädtisches Gebiet;Hintergrund;8,8;0
Baden-Württemberg;DEBW010;Wiesloch;vorstädtisches Gebiet;Hintergrund;9,8;0
Baden-Württemberg;DEBW023;Weil am Rhein;vorstädtisches Gebiet;Hintergrund;11;0
Baden-Württemberg;DEBW024;Ludwigsburg;vorstädtisches Gebiet;Hintergrund;14;0
Baden-Württemberg;DEBW029;Aalen;vorstädtisches Gebiet;Hintergrund;13;0
Baden-Württemberg;DEBW039;Villingen-Schwenningen;vorstädtisches Gebiet;Hintergrund;9,2;0
Baden-Württemberg;DEBW042;Bernhausen;vorstädtisches Gebiet;Hintergrund;16;0
Baden-Württemberg;DEBW046;Biberach;vorstädtisches Gebiet;Hintergrund;10;0
Baden-Württemberg;DEBW059;Tauberbischofsheim;vorstädtisches Gebiet;Hintergrund;8,9;0
Baden-Württemberg;DEBW073;Neuenburg;vorstädtisches Gebiet;Hintergrund;12;0
Baden-Württemberg;DEBW076;Baden-Baden;vorstädtisches Gebiet;Hintergrund;9,2;0
Baden-Württemberg;DEBW107;Tübingen;vorstädtisches Gebiet;Hintergrund;13;0
Baden-Württemberg;DEBW112;Gärtringen;vorstädtisches Gebiet;Hintergrund;8,1;0
Bayern;DEBY004;Kleinwallstadt/Hofstetter Straße;vorstädtisches Gebiet;Hintergrund;9,5;0
Bayern;DEBY005;Aschaffenburg/Bussardweg;vorstädtisches Gebiet;Hintergrund;17;0
Bayern;DEBY012;Burghausen/Marktler Straße;vorstädtisches Gebiet;Hintergrund;16;0
Bayern;DEBY020;Hof/LfU;vorstädtisches Gebiet;Hintergrund;11;0
Bayern;DEBY030;Saal a.d. Donau/Regensburger Straße;vorstädtisches Gebiet;Hintergrund;13;0
Bayern;DEBY031;Kempten (Allgäu)/Westendstraße;vorstädtisches Gebiet;Hintergrund;13;0
Bayern;DEBY067;Schwandorf/Wackersdorfer Straße;vorstädtisches Gebiet;Hintergrund;13;0
Bayern;DEBY088;Trostberg/Schwimmbadstraße;vorstädtisches Gebiet;Hintergrund;13;0
Bayern;DEBY089;München/Johanneskirchen;vorstädtisches Gebiet;Hintergrund;13;0
Bayern;DEBY099;Augsburg/LfU;vorstädtisches Gebiet;Hintergrund;12;0
Bayern;DEBY113;Erlangen/Kraepelinstraße;vorstädtisches Gebiet;Hintergrund;11;0
Bayern;DEBY187;Oettingen/Goethestraße;vorstädtisches Gebiet;Hintergrund;11;0
Bayern;DEBY189;München/Allach;vorstädtisches Gebiet;Hintergrund;15;0
Hessen;DEHE135;Frankfurt-Schwanheim;vorstädtisches Gebiet;Hintergrund;15;0
Hamburg;DEHH047;Hamburg Bramfeld;vorstädtisches Gebiet;Hintergrund;10;0
Hamburg;DEHH050;Hamburg Neugraben;vorstädtisches Gebiet;Hintergrund;8,5;0
Mecklenburg-Vorpommern;DEMV007;Rostock-Stuthof;vorstädtisches Gebiet;Hintergrund;7;0
Niedersachsen;DENI011;Braunschweig;vorstädtisches Gebiet;Hintergrund;8,3;0
Niedersachsen;DENI016;Oker/Harlingerode;vorstädtisches Gebiet;Hintergrund;7;0
Niedersachsen;DENI020;Wolfsburg;vorstädtisches Gebiet;Hintergrund;10;0
Niedersachsen;DENI028;Eichsfeld;vorstädtisches Gebiet;Hintergrund;6,7;0
Niedersachsen;DENI029;Ostfriesland;vorstädtisches Gebiet;Hintergrund;10;0
Niedersachsen;DENI041;Weserbergland;vorstädtisches Gebiet;Hintergrund;8,1;0
Niedersachsen;DENI042;Göttingen;vorstädtisches Gebiet;Hintergrund;8,5;0
Niedersachsen;DENI043;Emsland;vorstädtisches Gebiet;Hintergrund;9,8;0
Niedersachsen;DENI052;Allertal;vorstädtisches Gebiet;Hintergrund;7,9;0
Niedersachsen;DENI062;Lüneburger Heide;vorstädtisches Gebiet;Hintergrund;9,7;0
Nordrhein-Westfalen;DENW002;Datteln-Hagem;vorstädtisches Gebiet;Hintergrund;13;0
Nordrhein-Westfalen;DENW006;Lünen-Niederaden;vorstädtisches Gebiet;Hintergrund;15;0
Nordrhein-Westfalen;DENW010;Unna-Königsborn;vorstädtisches Gebiet;Hintergrund;12;0
Nordrhein-Westfalen;DENW022;Gelsenkirchen-Bismarck;vorstädtisches Gebiet;Hintergrund;16;0
Nordrhein-Westfalen;DENW029;Hattingen-Blankenstein;vorstädtisches Gebiet;Hintergrund;12;0
Nordrhein-Westfalen;DENW059;Köln-Rodenkirchen;vorstädtisches Gebiet;Hintergrund;18;0
Nordrhein-Westfalen;DENW062;Bonn-Auerberg;vorstädtisches Gebiet;Hintergrund;19;0
Nordrhein-Westfalen;DENW078;Ratingen-Tiefenbroich;vorstädtisches Gebiet;Hintergrund;16;0
Nordrhein-Westfalen;DENW079;Leverkusen-Manfort;vorstädtisches Gebiet;Hintergrund;17;0
Nordrhein-Westfalen;DENW080;Solingen-Wald;vorstädtisches Gebiet;Hintergrund;14;0
Nordrhein-Westfalen;DENW096;Mönchengladbach-Rheydt;vorstädtisches Gebiet;Hintergrund;15;0
Nordrhein-Westfalen;DENW247;Essen-Schuir (LANUV);vorstädtisches Gebiet;Hintergrund;20;0
Rheinland-Pfalz;DERP053;Speyer-Nord;vorstädtisches Gebiet;Hintergrund;17;0
Saarland;DESL013;Saarlouis-Fraulautern;vorstädtisches Gebiet;Hintergrund;12;0
Sachsen;DESN045;Zittau-Ost;vorstädtisches Gebiet;Hintergrund;9;0
Sachsen;DESN059;Leipzig-West;vorstädtisches Gebiet;Hintergrund;9,1;0
Sachsen-Anhalt;DEST002;Burg;vorstädtisches Gebiet;Hintergrund;7,1;0
Sachsen-Anhalt;DEST029;Bernburg;vorstädtisches Gebiet;Hintergrund;12;0
Thüringen;DETH117;Erfurt Bautzener Weg;vorstädtisches Gebiet;Hintergrund;8,5;0
Brandenburg;DEBB110;Dallgow-Döberitz;vorstädtisches Gebiet;Hintergrund;8,3;0
Brandenburg;DEBB112;Wildau;vorstädtisches Gebiet;Hintergrund;11;0